2079 , 543
2079 , 543
2079 , 543
2079 , 543
2079 , 543
2079 , 543
2079 , 543
2079 , 543
2079 , 543
2079 , 543
2079 , 543
2079 , 543
2079 , 543
2079 , 543
2079 , 543
2079 , 543
2079 , 543
2079 , 543
2079 , 543
2079 , 543
2079 , 543
2079 , 543
2079 , 543
2079 , 543
2079 , 543
2079 , 543
2079 , 543
2079 , 543  
2079 , 543
2079 , 543
2078 , 543
2079 , 543
2079 , 543
2079 , 543
2079 , 543
2079 , 543
2079 , 543
2079 , 543
2079 , 543
2079 , 543
2079 , 543
2079 , 543
2079 , 543
2079 , 543
2078 , 543
2079 , 543
2079 , 543
2079 , 543
2079 , 543
2079 , 543
2079 , 543
2079 , 543
2079 , 543
2079 , 543
2079 , 543
2079 , 543
2079 , 543
2079 , 543
2079 , 543
2079 , 543
2079 , 543
2079 , 543
2079 , 543
2079 , 543
2091 , 709
2091 , 709
2091 , 709
2091 , 709
2091 , 709
2091 , 709
2091 , 709
2091 , 708
2091 , 709
2091 , 709
2091 , 709
2091 , 709
2091 , 708
2091 , 709
2091 , 709
2091 , 709
2104 , 879
2104 , 879
2104 , 879
2104 , 879
2104 , 879
2104 , 880
2104 , 879
2104 , 879
2104 , 879
2104 , 879
2104 , 879
2104 , 879
2104 , 879
2104 , 879
2104 , 879
2104 , 879
2117 , 1051
2117 , 1051
2117 , 1051
2117 , 1051
2117 , 1051
2117 , 1051
2117 , 1051
2117 , 1051
2117 , 1051
2117 , 1051
2117 , 1051
2117 , 1051
2117 , 1051
2117 , 1051
2117 , 1051
2117 , 1051
2130 , 1221
2130 , 1220
2130 , 1221
2130 , 1220
2130 , 1221
2130 , 1220
2130 , 1221
2130 , 1221
2130 , 1221
2130 , 1221
2130 , 1221
2130 , 1221
2130 , 1221
2130 , 1221
2130 , 1220
2129 , 1221
2143 , 1390
2143 , 1390
2143 , 1390
2143 , 1390
2143 , 1390
2143 , 1390
2143 , 1390
2143 , 1390
2143 , 1390
2143 , 1390
2143 , 1390
2143 , 1390
2143 , 1390
2142 , 1390
2143 , 1390
2143 , 1390
2155 , 1557
2156 , 1556
2156 , 1556
2156 , 1556
2156 , 1556
2155 , 1556
2155 , 1556
2156 , 1556
2156 , 1556
2156 , 1556
2155 , 1557
2155 , 1556
2156 , 1556
2156 , 1556
2156 , 1556
2155 , 1556
2168 , 1721
2168 , 1721
2169 , 1721
2168 , 1720
2168 , 1721
2169 , 1721
2168 , 1721
2169 , 1721
2168 , 1721
2169 , 1721
2168 , 1722
2169 , 1721
2169 , 1720
2169 , 1722
2169 , 1721
2168 , 1721
2181 , 1880
2181 , 1880
2181 , 1880
2182 , 1880
2181 , 1881
2181 , 1880
2181 , 1881
2182 , 1881
2181 , 1881
2181 , 1881
2181 , 1880
2182 , 1880
2181 , 1881
2181 , 1880
2181 , 1880
2181 , 1880
2194 , 2033
2194 , 2034
2194 , 2034
2194 , 2033
2194 , 2034
2194 , 2034
2194 , 2033
2194 , 2034
2194 , 2033
2194 , 2033
2194 , 2033
2194 , 2034
2194 , 2033
2194 , 2034
2194 , 2034
2194 , 2034
2207 , 2176
2207 , 2176
2207 , 2176
2207 , 2176
2207 , 2175
2207 , 2176
2207 , 2176
2207 , 2176
2207 , 2176
2207 , 2176
2207 , 2177
2207 , 2176
2207 , 2176
2207 , 2176
2207 , 2176
2207 , 2176
2220 , 2308
2220 , 2308
2220 , 2307
2220 , 2308
2220 , 2307
2220 , 2307
2220 , 2308
2220 , 2309
2220 , 2307
2220 , 2308
2220 , 2308
2220 , 2308
2220 , 2307
2220 , 2307
2220 , 2308
2220 , 2307
2232 , 2427
2233 , 2428
2233 , 2427
2233 , 2428
2233 , 2427
2233 , 2427
2233 , 2427
2232 , 2428
2233 , 2428
2233 , 2427
2233 , 2428
2233 , 2428
2233 , 2428
2233 , 2427
2233 , 2427
2233 , 2428